INSERT INTO `c5_qlybanhang`.`nhanvien` (`MaNV`, `HoTen`, `SDT`, `NgayVaoLam`) VALUES ('NV05', 'Nguyen Thi Truc Thanh', '0918590387', '2006-07-20');


INSERT INTO `c5_qlybanhang`.`khachhang` (`MaKH`, `HoTen`, `DiaChi`, `SoDienThoai`, `NgaySinh`, `NgayDangKi`, `DoanhSo`) 
VALUES ('KH02', 'Tran Ngoc Han', '23/5 Nguyen Trai, Q5, HCM', '0908256478', '1974-04-03', '2006-07-30', '280000');
INSERT INTO `c5_qlybanhang`.`khachhang` (`MaKH`, `HoTen`, `DiaChi`, `SoDienThoai`, `NgaySinh`, `NgayDangKi`, `DoanhSo`) 
VALUES ('KH03', 'Tran Ngoc Linh', '45 Nguyen Canh Chan, Q1, HCM', '0938776266', '1980-06-12', '2006-08-05', '3860000');
INSERT INTO `c5_qlybanhang`.`khachhang` (`MaKH`, `HoTen`, `DiaChi`, `SoDienThoai`, `NgaySinh`, `NgayDangKi`, `DoanhSo`) 
VALUES ('KH04', 'Tran Minh Long', '50/34 Le Dai Hanh, Q10, HCM', '0917325476', '1965-03-09', '2006-10-02', '250000');
INSERT INTO `c5_qlybanhang`.`khachhang` (`MaKH`, `HoTen`, `DiaChi`, `SoDienThoai`, `NgaySinh`, `NgayDangKi`, `DoanhSo`) 
VALUES ('KH05', 'Le Nhat Minh', '34 Truong Dinh, Q3, TP HCM', '08246108', '1950-03-10', '2006-10-28', '21000');
INSERT INTO `c5_qlybanhang`.`khachhang` (`MaKH`, `HoTen`, `DiaChi`, `SoDienThoai`, `NgaySinh`, `NgayDangKi`, `DoanhSo`) 
VALUES ('KH06', 'Le Hoai Thuong', '227 Nguyen Van Cu, Q5, TP HCM', '08631738', '1981-12-31', '2006-11-24', '915000');
INSERT INTO `c5_qlybanhang`.`khachhang` (`MaKH`, `HoTen`, `DiaChi`, `SoDienThoai`, `NgaySinh`, `NgayDangKi`, `DoanhSo`) 
VALUES ('KH07', 'Nguyen Van Tam', '32/3 Tran Binh Trong Q5, HCM', '0916783565', '1971-04-06', '2006-12-01', '12500');
INSERT INTO `c5_qlybanhang`.`khachhang` (`MaKH`, `HoTen`, `DiaChi`, `SoDienThoai`, `NgaySinh`, `NgayDangKi`, `DoanhSo`) 
VALUES ('KH08', 'Phan Thi Thanh', '45/2 An Duong Vuong, Q5, HCM', '0938435756', '1971-01-10', '2006-12-13', '365000');
INSERT INTO `c5_qlybanhang`.`khachhang` (`MaKH`, `HoTen`, `DiaChi`, `SoDienThoai`, `NgaySinh`, `NgayDangKi`, `DoanhSo`) 
VALUES ('KH09', 'Le Ha Vinh', '873 Le Hong Phong, Q5, HCM', '08654763', '1979-09-03', '2007-01-14', '70000');
INSERT INTO `c5_qlybanhang`.`khachhang` (`MaKH`, `HoTen`, `DiaChi`, `SoDienThoai`, `NgaySinh`, `NgayDangKi`, `DoanhSo`) 
VALUES ('KH10', 'Ha Duy Lap', '34/34B Nguyen Trai Q1, HCM', '08768904', '1983-05-02', '2007-01-16', '67500');


--------------------

INSERT INTO `c5_qlybanhang`.`sanpham` (`MaSP`, `TenSP`, `DVT`, `NuocSX`, `Gia`) 
VALUES ('BC02', 'ButChi', 'cay', 'Thai Lan', '5000');
INSERT INTO `c5_qlybanhang`.`sanpham` (`MaSP`, `TenSP`, `DVT`, `NuocSX`, `Gia`) 
VALUES ('BC03', 'ButChi', 'cay', 'Viet Nam', '3500');
INSERT INTO `c5_qlybanhang`.`sanpham` (`MaSP`, `TenSP`, `DVT`, `NuocSX`, `Gia`) 
VALUES ('BC04', 'ButChi', 'hop', 'Viet Nam', '30000');
INSERT INTO `c5_qlybanhang`.`sanpham` (`MaSP`, `TenSP`, `DVT`, `NuocSX`, `Gia`) 
VALUES ('BB01', 'But bi', 'cay', 'Viet Nam', '5000');
INSERT INTO `c5_qlybanhang`.`sanpham` (`MaSP`, `TenSP`, `DVT`, `NuocSX`, `Gia`) 
VALUES ('BB02', 'But bi', 'cay', 'Trung Quoc', '7000');
INSERT INTO `c5_qlybanhang`.`sanpham` (`MaSP`, `TenSP`, `DVT`, `NuocSX`, `Gia`) 
VALUES ('BB03', 'But bi', 'hop', 'Thai Lan', '100000');
INSERT INTO `c5_qlybanhang`.`sanpham` (`MaSP`, `TenSP`, `DVT`, `NuocSX`, `Gia`) 
VALUES ('TV01', 'Tap 100 giay mong', 'quyen', 'Trung Quoc', '2500');
INSERT INTO `c5_qlybanhang`.`sanpham` (`MaSP`, `TenSP`, `DVT`, `NuocSX`, `Gia`) 
VALUES ('TV02', 'Tap 200 giay mong', 'quyen', 'Trung Quoc', '4500');
INSERT INTO `c5_qlybanhang`.`sanpham` (`MaSP`, `TenSP`, `DVT`, `NuocSX`, `Gia`) 
VALUES ('TV03', 'Tap 100 giay tot', 'quyen', 'Viet Nam', '3000');
INSERT INTO `c5_qlybanhang`.`sanpham` (`MaSP`, `TenSP`, `DVT`, `NuocSX`, `Gia`) 
VALUES ('TV04', 'Tap 200 giay tot', 'cay', 'Viet Nam', '5500');
INSERT INTO `c5_qlybanhang`.`sanpham` (`MaSP`, `TenSP`, `DVT`, `NuocSX`, `Gia`) 
VALUES ('TV05', 'Tap 100 trang', 'chuc', 'Viet Nam', '23000');
INSERT INTO `c5_qlybanhang`.`sanpham` (`MaSP`, `TenSP`, `DVT`, `NuocSX`, `Gia`) 
VALUES ('TV06', 'Tap 200 trang', 'chuc', 'Viet Nam', '53000');
INSERT INTO `c5_qlybanhang`.`sanpham` (`MaSP`, `TenSP`, `DVT`, `NuocSX`, `Gia`) 
VALUES ('TV07', 'Tap 100 trang', 'chuc', 'Trung Quoc', '34000');
INSERT INTO `c5_qlybanhang`.`sanpham` (`MaSP`, `TenSP`, `DVT`, `NuocSX`, `Gia`) 
VALUES ('ST01', 'So tay 500 trang', 'quyen', 'Trung Quoc', '40000');
INSERT INTO `c5_qlybanhang`.`sanpham` (`MaSP`, `TenSP`, `DVT`, `NuocSX`, `Gia`) 
VALUES ('ST02', 'So tay loai 1', 'quyen', 'Viet Nam', '55000');
INSERT INTO `c5_qlybanhang`.`sanpham` (`MaSP`, `TenSP`, `DVT`, `NuocSX`, `Gia`) 
VALUES ('ST03', 'So tay loai 2', 'quyen', 'Viet Nam', '51000');
INSERT INTO `c5_qlybanhang`.`sanpham` (`MaSP`, `TenSP`, `DVT`, `NuocSX`, `Gia`) 
VALUES ('ST04', 'So tay', 'quyen', 'Thai Lan', '55000');
INSERT INTO `c5_qlybanhang`.`sanpham` (`MaSP`, `TenSP`, `DVT`, `NuocSX`, `Gia`) 
VALUES ('ST05', 'So tay mong', 'quyen', 'Thai Lan', '20000');
INSERT INTO `c5_qlybanhang`.`sanpham` (`MaSP`, `TenSP`, `DVT`, `NuocSX`, `Gia`) 
VALUES ('ST06', 'Phan viet bang', 'hop', 'Viet Nam', '5000');
INSERT INTO `c5_qlybanhang`.`sanpham` (`MaSP`, `TenSP`, `DVT`, `NuocSX`, `Gia`) 
VALUES ('ST07', 'Phan khong bui', 'hop', 'Viet Nam', '7000');
INSERT INTO `c5_qlybanhang`.`sanpham` (`MaSP`, `TenSP`, `DVT`, `NuocSX`, `Gia`) 
VALUES ('ST08', 'Bong bang', 'cai', 'Viet Nam', '1000');
INSERT INTO `c5_qlybanhang`.`sanpham` (`MaSP`, `TenSP`, `DVT`, `NuocSX`, `Gia`) 
VALUES ('ST09', 'But long', 'cay', 'Viet Nam', '5000');
INSERT INTO `c5_qlybanhang`.`sanpham` (`MaSP`, `TenSP`, `DVT`, `NuocSX`, `Gia`) 
VALUES ('ST10', 'But long', 'cay', 'Viet Nam', '7000');


--------------------------------------------
INSERT INTO `c5_qlybanhang`.`cthd` (`SoHD`, `MaSP`, `SoLuong`) VALUES ('1001', 'TV02', '10');
INSERT INTO `c5_qlybanhang`.`cthd` (`SoHD`, `MaSP`, `SoLuong`) VALUES ('1001', 'ST01', '5');
INSERT INTO `c5_qlybanhang`.`cthd` (`SoHD`, `MaSP`, `SoLuong`) VALUES ('1001', 'BC01', '5');
INSERT INTO `c5_qlybanhang`.`cthd` (`SoHD`, `MaSP`, `SoLuong`) VALUES ('1001', 'BC02', '10');
INSERT INTO `c5_qlybanhang`.`cthd` (`SoHD`, `MaSP`, `SoLuong`) VALUES ('1001', 'ST08', '10');
INSERT INTO `c5_qlybanhang`.`cthd` (`SoHD`, `MaSP`, `SoLuong`) VALUES ('1002', 'BC04', '20');
INSERT INTO `c5_qlybanhang`.`cthd` (`SoHD`, `MaSP`, `SoLuong`) VALUES ('1002', 'BB01', '20');
INSERT INTO `c5_qlybanhang`.`cthd` (`SoHD`, `MaSP`, `SoLuong`) VALUES ('1002', 'BB02', '20');
INSERT INTO `c5_qlybanhang`.`cthd` (`SoHD`, `MaSP`, `SoLuong`) VALUES ('1003', 'BB03', '10');
INSERT INTO `c5_qlybanhang`.`cthd` (`SoHD`, `MaSP`, `SoLuong`) VALUES ('1004', 'TV01', '20');
INSERT INTO `c5_qlybanhang`.`cthd` (`SoHD`, `MaSP`, `SoLuong`) VALUES ('1004', 'TV02', '10');
INSERT INTO `c5_qlybanhang`.`cthd` (`SoHD`, `MaSP`, `SoLuong`) VALUES ('1004', 'TV03', '10');
INSERT INTO `c5_qlybanhang`.`cthd` (`SoHD`, `MaSP`, `SoLuong`) VALUES ('1004', 'TV04', '10');
INSERT INTO `c5_qlybanhang`.`cthd` (`SoHD`, `MaSP`, `SoLuong`) VALUES ('1005', 'TV05', '50');
INSERT INTO `c5_qlybanhang`.`cthd` (`SoHD`, `MaSP`, `SoLuong`) VALUES ('1005', 'TV06', '50');
INSERT INTO `c5_qlybanhang`.`cthd` (`SoHD`, `MaSP`, `SoLuong`) VALUES ('1006', 'TV07', '50');
INSERT INTO `c5_qlybanhang`.`cthd` (`SoHD`, `MaSP`, `SoLuong`) VALUES ('1006', 'ST01', '30');
INSERT INTO `c5_qlybanhang`.`cthd` (`SoHD`, `MaSP`, `SoLuong`) VALUES ('1006', 'ST02', '10');
INSERT INTO `c5_qlybanhang`.`cthd` (`SoHD`, `MaSP`, `SoLuong`) VALUES ('1007', 'ST03', '10');
INSERT INTO `c5_qlybanhang`.`cthd` (`SoHD`, `MaSP`, `SoLuong`) VALUES ('1008', 'ST04', '8');
INSERT INTO `c5_qlybanhang`.`cthd` (`SoHD`, `MaSP`, `SoLuong`) VALUES ('1009', 'ST05', '10');
INSERT INTO `c5_qlybanhang`.`cthd` (`SoHD`, `MaSP`, `SoLuong`) VALUES ('1010', 'TV07', '50');
INSERT INTO `c5_qlybanhang`.`cthd` (`SoHD`, `MaSP`, `SoLuong`) VALUES ('1010', 'ST07', '50');
INSERT INTO `c5_qlybanhang`.`cthd` (`SoHD`, `MaSP`, `SoLuong`) VALUES ('1010', 'ST08', '100');
INSERT INTO `c5_qlybanhang`.`cthd` (`SoHD`, `MaSP`, `SoLuong`) VALUES ('1010', 'ST04', '50');
INSERT INTO `c5_qlybanhang`.`cthd` (`SoHD`, `MaSP`, `SoLuong`) VALUES ('1010', 'TV03', '100');
INSERT INTO `c5_qlybanhang`.`cthd` (`SoHD`, `MaSP`, `SoLuong`) VALUES ('1011', 'ST06', '50');
INSERT INTO `c5_qlybanhang`.`cthd` (`SoHD`, `MaSP`, `SoLuong`) VALUES ('1012', 'ST07', '3');
INSERT INTO `c5_qlybanhang`.`cthd` (`SoHD`, `MaSP`, `SoLuong`) VALUES ('1013', 'ST08', '5');
INSERT INTO `c5_qlybanhang`.`cthd` (`SoHD`, `MaSP`, `SoLuong`) VALUES ('1014', 'BC02', '80');
INSERT INTO `c5_qlybanhang`.`cthd` (`SoHD`, `MaSP`, `SoLuong`) VALUES ('1014', 'BC02', '100');
INSERT INTO `c5_qlybanhang`.`cthd` (`SoHD`, `MaSP`, `SoLuong`) VALUES ('1014', 'BC04', '60');



----------